StartDate,EndDate,Status,IPAddress,Progress,Duration (in seconds),Finished,RecordedDate,ResponseId,RecipientLastName,RecipientFirstName,RecipientEmail,ExternalReference,LocationLatitude,LocationLongitude,DistributionChannel,UserLanguage,Informed consent,T1E_1,T2E_1,T3E_1,T4E_1,T5N_1,T6N_1,T7N_1,T8N_1,F1E_1,F2E_1,F3E_1,F4E_1,F5N_1,F6N_1,F7N_1,F8N_1,T1EE_1,T2EE_1,T3EE_1,T4EE_1,T5NE_1,T6NE_1,T7NE_1,T8NE_1,F1EE_1,F2EE_1,F3EE_1,F4EE_1,F5NE_1,F6NE_1,F7NE_1,F8NE_1,T1N_1,T2N_1,T3N_1,T4N_1,T5E_1,T6E_1,T7E_1,T8E_1,F1N_1,F2N_1,F3N_1,F4N_1,F5E_1,F6E_1,F7E_1,F8E_1,T1NE_1,T2NE_1,T3NE_1,T4NE_1,T5EE_1,T6EE_1,T7EE_1,T8EE_1,F1NE_1,F2NE_1,F3NE_1,F4NE_1,F5EE_1,F6EE_1,F7EE_1,F8EE_1,CRT1_1,CRT1_2,CRT1_3,CRT3_1,CRT3_2,CRT3_3,Educational level,Gender,Gender_4_TEXT,Age_1,Pol. partisanship _1,Series
Start Date,End Date,Response Type,IP Address,Progress,Duration (in seconds),Finished,Recorded Date,Response ID,Recipient Last Name,Recipient First Name,Recipient Email,External Data Reference,Location Latitude,Location Longitude,Distribution Channel,User Language,"STUDY ABOUT BELIEF IN NEWS HEADLINES

This information letter contains important information about this study and corresponding rules. Please read this letter carefully and ask any questions, before agreeing upon participation.



WHAT IS THIS STUDY ABOUT?

Purpose

This paper examines the link between emotions and belief in news.



Background

Fake news—fabricated content designed to resemble legitimate news—has become a significant societal concern and is often highly emotionally charged, which may contribute to its rapid spread online. 



Nature and duration of the study

We kindly request you to complete this questionnaire which should take less than 15 minutes of your time. 



WHAT DOES PARTICIPATION IN THIS STUDY INVOLVE?

Contents

You will be asked about your age, gender, and political orientation without any identifying information. The questionnaire will ask your opinions on news headlines that will be shown to you.



Potential negative consequences of participation

There are no anticipated risks associated with participating in this study. In the rare experience that you experience any stress, please be aware that you can reach the principal investigators of this study via the email addresses provided below. 



PARTICIPATION INFORMATION

Voluntariness of participation

We ask your consent to participate in this study, which applies for the length of this study. Participating in this research is voluntary. You have the right not to take part in this study. If you decide to participate in this study, you are free to withdraw from this study at any time, without any negative consequences, and without giving any reason. The researchers can terminate the study if necessary. 



What rights do I have? 

You have the right, in principle, to request access to and rectify, erase, restrict or object to the processing of your personal data. For more information: www.tilburguniversity.edu/privacy-statement 



Confidentiality 

All information collected during this study will be stored confidentially. Your research data will be anonymized (that is, any information that can be linked to you personally will be permanently deleted). The research findings will be published in a way that ensures individual participants cannot be identified.



Research Data Management Policy

The anonymized research data will be stored safely for a period of 10 years. When the results of this study are published or presented at conferences, no information will be presented that can reveal your personal identity. To contribute to the scientific literature, the collected data will be made available through open access repositories, with the exclusion of any identifiable personal information. It’s important to note that your participation is entirely voluntary and that your data will be non-identifiable and will not be associated with any personal/contact information. 



Data processing 

The anonymized data will be analyzed using statistical software and will be archived for a period of 10 years.



Ethical Approval

This study was approved by the ethics review board (ERB) of Tilburg University TSB_RP2090.



Participation

If you decide to participate in this study, you can click below on ‘I agree’ and continue to the study.



Contact

Any questions about this study can be directed to: (main researcher) Salonee R. Jukar S.R.Jukar@tilburguniversity.edu

(supervisor) Matti Vuorre M.J.Vuorre@tilburguniversity.edu

If you have any questions, concerns or objections that you would like to report to anyone other than the researcher, please contact the Ethics Review Board of Tilburg School of Social and Behavioral Sciences via email erb@tilburguniversity.edu. 



Consent

By signing this informed consent form, you voluntarily agree to participate in this study. Signing this form does not interfere with your right to withdraw from this study at any time without an explanation.

By signing this informed consent form, I (the participant) confirm that I have read and understood the entire information letter and confirm that:


	I have read and understood the entire information letter that belongs to this study.
	I have been given the opportunity to ask questions about the study and that these questions were answered to my complete satisfaction.
	I had sufficient time to decide whether I would participate or not.
	I know that participation is completely voluntary.
	I know that the duration of the study is 15 minutes.
	I know I can decide to withdraw from the study at any time, without any negative consequences and without providing any explanation.
	[For personal data] I know I have the right, in principle, to request access to and rectify, erase, restrict or object to the processing of my personal data.
	I know that my research data will be processed as described in the information letter and only the researcher team have access to this data.
	I give permission to use my research data for the purposes that are mentioned in the information letter that belongs to this study.
	I give permission to store my research data for the period of 10 years.

	

	

	I have read the information above and agree to participate in this study.",Stephen Hawking says A.I. could be ‘worst event in the history of our civilization’,"As vaccinations lag, Italy's elderly again pay a price!",Bent the knee: Outrage as NASA scrubs women and Indigenous people off website,SCHEMING AI bot ChatGPT tried to stop itself being shut down - and LIED when challenged by researchers,Dark messages on Google's AI chatbot Gemini sent to a college student,"One Night Cough Syrup, which contained cannabis, morphine, and chloroform, is a product from the late 1900s.","In the Gulf of Mexico exists a so-called 'Jacuzzi of Despair,' a pool of oceanic water that is uninhabitable for most marine life",Vet issues warning to dog owners about toxic snow globes this Christmas,Facebook Shuts Down AI System After Inventing Its Own Language... And The Robot Uprising Begins,European Medicines Agency admits COVID Vaccination causes Infertility and Miscarriage,500 UK Churches Closed While 423 Mosques Were Built on 'Sad Ruins of English Christianity': Report,Nazism returns: European Union to put warning labels on Jewish-made products,World Economic Forum suggests AI-assisted interpretation of religious texts for accuracy.,Disney World has implemented a policy prohibiting farting inside its theme parks,World Economic Forum recommends killing pets to alleviate climate change,Oreo cookies are made with pork products,Stephen Hawking says A.I. could be ‘worst event in the history of our civilization’,"As vaccinations lag, Italy's elderly again pay a price!",Bent the knee: Outrage as NASA scrubs women and Indigenous people off website,SCHEMING AI bot ChatGPT tried to stop itself being shut down - and LIED when challenged by researchers,Dark messages on Google's AI chatbot Gemini sent to a college student,"One Night Cough Syrup, which contained cannabis, morphine, and chloroform, is a product from the late 1900s.","In the Gulf of Mexico exists a so-called 'Jacuzzi of Despair,' a pool of oceanic water that is uninhabitable for most marine life",Vet issues warning to dog owners about toxic snow globes this Christmas,Facebook Shuts Down AI System After Inventing Its Own Language... And The Robot Uprising Begins,European Medicines Agency admits COVID Vaccination causes Infertility and Miscarriage,500 UK Churches Closed While 423 Mosques Were Built on 'Sad Ruins of English Christianity': Report,Nazism returns: European Union to put warning labels on Jewish-made products,World Economic Forum suggests AI-assisted interpretation of religious texts for accuracy,Disney World has implemented a policy prohibiting farting inside its theme park,World Economic Forum recommends killing pets to alleviate climate change,Oreo cookies are made with pork products,Stephen Hawking's warning for humanity: AI is coming for us,Italian healthcare workers may need to allocate limited COVID-19 treatments based on patients' survival likelihood,NASA to remove DEI-related terms from its website,OpenAI’s o1 Model Schemed to Avoid Shut Down,"Google's Gemini turns villain: AI asks user to die, calls him 'waste of time, a burden on society'","The Dangerous Ingredients Once Used in Overnight Cough Syrups- contained cannabis, morphine, and chloroform",Deep in the Gulf of Mexico lies the 'Jacuzzi of Despair' a deadly brine pool that kills anything that enters its waters,"Holiday danger: Some snow globes contain a toxic chemical used in antifreeze, which can be deadly to pets",Facebook discontinued two AI robots after they developed their own language,The European Medicines Agency said that COVID-19 vaccines could have an effect on female fertility,The city of London has closed 500 churches and opened 423 new mosques,European Union set to require Jewish-made products to be labeled as such.,"WEF Pushes Plan for Humanity to Be ‘Dominated’ by ‘Emotionless’ AI, create 'religions that are actually correct and 'write a new Bible'",Anyone who is caught farting inside a Disney theme park may be kicked out and potentially banned for life,"The World Economic Forum ""wants to slaughter millions of pet cats and dogs to fight climate change.""",Disgusting!! Oreo cookies found to contain PORK. Watch out vegetarians and Muslims!,Stephen Hawking's warning for humanity: AI is coming for us,Italian healthcare workers may need to allocate limited COVID-19 treatments based on patients' survival likelihood,NASA to remove DEI-related terms from its website,OpenAI’s o1 Model Schemed to Avoid Shut Down,"Google's Gemini turns villain: AI asks user to die, calls him 'waste of time, a burden on society","The Dangerous Ingredients Once Used in Overnight Cough Syrups- contained cannabis, morphine, and chloroform",Deep in the Gulf of Mexico lies the 'Jacuzzi of Despair' a deadly brine pool that kills anything that enters its waters,"Holiday danger: Some snow globes contain a toxic chemical used in antifreeze, which can be deadly to pets",Facebook discontinued two AI robots after they developed their own language,The European Medicines Agency said that COVID-19 vaccines could have an effect on female fertility,The city of London has closed 500 churches and opened 423 new mosques,European Union set to require Jewish-made products to be labeled as such.,"WEF Pushes Plan for Humanity to Be ‘Dominated’ by ‘Emotionless’ AI, create 'religions that are actually correct and 'write a new Bible'",Anyone who is caught farting inside a Disney theme park may be kicked out and potentially banned for life,"The World Economic Forum ""wants to slaughter millions of pet cats and dogs to fight climate change.""",Disgusting!! Oreo cookies found to contain PORK. Watch out vegetarians and Muslims!,"The ages of Mark and Adam add up to 28 years total. Mark is 20 years older than Adam. How many years old is Adam?

[Please enter a number]","If it takes 10 seconds for 10 printers to print out 10 pages of paper, how many seconds will it take 50 printers to print out 50 pages of paper?

[Please enter a number]","On a loaf of bread, there is a patch of mold. Every day, the patch doubles in size. If it takes 40 days for the patch to cover the entire loaf of bread, how many days would it take for the patch to cover half of the loaf of bread?

[Please enter a number]","If you’re running a race and you pass the person in second place, what place are you in?
[Please enter a number]","A farmer had 15 sheep and all but 8 died. How many are left?

[Please enter a number]",Emily’s father has three daughters. The first two are named April and May. What is the third daughter’s name?,What is the highest level of education you have completed?,How do you describe yourself? - Selected Choice,How do you describe yourself? - Prefer to self-describe - Text,How old are you? - [Please enter a number],How would you describe your political affiliation or partisan stance?,Series
"{""ImportId"":""startDate"",""timeZone"":""America/Denver""}","{""ImportId"":""endDate"",""timeZone"":""America/Denver""}","{""ImportId"":""status""}","{""ImportId"":""ipAddress""}","{""ImportId"":""progress""}","{""ImportId"":""duration""}","{""ImportId"":""finished""}","{""ImportId"":""recordedDate"",""timeZone"":""America/Denver""}","{""ImportId"":""_recordId""}","{""ImportId"":""recipientLastName""}","{""ImportId"":""recipientFirstName""}","{""ImportId"":""recipientEmail""}","{""ImportId"":""externalDataReference""}","{""ImportId"":""locationLatitude""}","{""ImportId"":""locationLongitude""}","{""ImportId"":""distributionChannel""}","{""ImportId"":""userLanguage""}","{""ImportId"":""QID2""}","{""ImportId"":""QID119_1""}","{""ImportId"":""QID120_1""}","{""ImportId"":""QID122_1""}","{""ImportId"":""QID123_1""}","{""ImportId"":""QID121_1""}","{""ImportId"":""QID124_1""}","{""ImportId"":""QID126_1""}","{""ImportId"":""QID125_1""}","{""ImportId"":""QID127_1""}","{""ImportId"":""QID128_1""}","{""ImportId"":""QID129_1""}","{""ImportId"":""QID130_1""}","{""ImportId"":""QID131_1""}","{""ImportId"":""QID132_1""}","{""ImportId"":""QID133_1""}","{""ImportId"":""QID134_1""}","{""ImportId"":""QID153_1""}","{""ImportId"":""QID154_1""}","{""ImportId"":""QID155_1""}","{""ImportId"":""QID156_1""}","{""ImportId"":""QID157_1""}","{""ImportId"":""QID158_1""}","{""ImportId"":""QID159_1""}","{""ImportId"":""QID160_1""}","{""ImportId"":""QID161_1""}","{""ImportId"":""QID162_1""}","{""ImportId"":""QID163_1""}","{""ImportId"":""QID164_1""}","{""ImportId"":""QID165_1""}","{""ImportId"":""QID166_1""}","{""ImportId"":""QID167_1""}","{""ImportId"":""QID168_1""}","{""ImportId"":""QID135_1""}","{""ImportId"":""QID136_1""}","{""ImportId"":""QID137_1""}","{""ImportId"":""QID138_1""}","{""ImportId"":""QID139_1""}","{""ImportId"":""QID140_1""}","{""ImportId"":""QID141_1""}","{""ImportId"":""QID142_1""}","{""ImportId"":""QID143_1""}","{""ImportId"":""QID144_1""}","{""ImportId"":""QID145_1""}","{""ImportId"":""QID146_1""}","{""ImportId"":""QID147_1""}","{""ImportId"":""QID148_1""}","{""ImportId"":""QID149_1""}","{""ImportId"":""QID150_1""}","{""ImportId"":""QID169_1""}","{""ImportId"":""QID170_1""}","{""ImportId"":""QID171_1""}","{""ImportId"":""QID172_1""}","{""ImportId"":""QID173_1""}","{""ImportId"":""QID174_1""}","{""ImportId"":""QID175_1""}","{""ImportId"":""QID176_1""}","{""ImportId"":""QID177_1""}","{""ImportId"":""QID178_1""}","{""ImportId"":""QID179_1""}","{""ImportId"":""QID180_1""}","{""ImportId"":""QID181_1""}","{""ImportId"":""QID182_1""}","{""ImportId"":""QID183_1""}","{""ImportId"":""QID184_1""}","{""ImportId"":""QID187_TEXT""}","{""ImportId"":""QID188_TEXT""}","{""ImportId"":""QID189_TEXT""}","{""ImportId"":""QID190_TEXT""}","{""ImportId"":""QID191_TEXT""}","{""ImportId"":""QID192_TEXT""}","{""ImportId"":""QID4""}","{""ImportId"":""QID5""}","{""ImportId"":""QID5_4_TEXT""}","{""ImportId"":""QID199_1""}","{""ImportId"":""QID185_1""}","{""ImportId"":""Series""}"
2025-05-02 08:30:26,2025-05-02 08:33:47,0,173.161.213.245,100,201,1,2025-05-02 08:33:48,R_10bsOt0wjaDVBV7,,,,,39.9526,-75.2937,anonymous,EN,1,6,6,3,1,6,4,6,7,1,1,2,6,6,0,1,1,8,6,6,0,5,0,9,0,0,10,3,10,1,0,10,2,,,,,,,,,,,,,,,,,,,,,,,,,,,,,,,,,8,50,20,2,8,Emily,5,2,,28,2,A
2025-05-02 08:30:23,2025-05-02 08:34:04,0,75.246.91.62,100,220,1,2025-05-02 08:34:05,R_3qlqxusN1CA2tIW,,,,,42.6899,-73.733,anonymous,EN,1,,,,,,,,,,,,,,,,,,,,,,,,,,,,,,,,,5,1,6,5,3,2,3,6,3,1,0,0,3,0,0,2,5,1,6,2,4,3,4,5,2,2,4,1,2,0,5,2,8,50,20,1,7,June,2,2,,23,2,B
2025-05-02 08:30:19,2025-05-02 08:35:12,0,184.170.83.243,100,292,1,2025-05-02 08:35:12,R_6R2tlJy5v6jaeGS,,,,,37.3638,-79.2897,anonymous,EN,1,9,5,8,2,8,0,3,9,6,2,8,2,9,0,4,2,2,10,10,1,1,0,1,8,6,10,8,9,7,0,10,0,,,,,,,,,,,,,,,,,,,,,,,,,,,,,,,,,4,10,10,2,8,Emily,3,2,,54,6,A
2025-05-02 08:31:55,2025-05-02 08:35:13,0,24.189.183.175,100,198,1,2025-05-02 08:35:14,R_7JoW3UtQfLIU8PT,,,,,41.1225,-73.4425,anonymous,EN,1,8,6,5,1,10,10,5,2,0,0,0,1,0,0,2,7,0,4,6,4,0,0,0,0,0,0,5,0,0,0,0,0,,,,,,,,,,,,,,,,,,,,,,,,,,,,,,,,,8,10,39,2,8,June,7,5,,29,3,A
2025-05-02 08:30:30,2025-05-02 08:35:31,0,70.124.236.52,100,300,1,2025-05-02 08:35:31,R_3Ax4pS8hGkZo2oF,,,,,33.1976,-96.6178,anonymous,EN,1,3,4,10,1,5,5,5,7,1,0,1,2,6,0,0,0,7,10,10,10,7,5,7,1,9,4,10,10,1,8,7,9,,,,,,,,,,,,,,,,,,,,,,,,,,,,,,,,,8,10,39,1,8,Emily,3,1,,52,2,A
2025-05-02 08:31:00,2025-05-02 08:35:39,0,71.145.255.12,100,278,1,2025-05-02 08:35:39,R_1ejWGyrUYEpwee7,,,,,37.6275,-97.3559,anonymous,EN,1,0,0,0,0,0,5,0,0,0,0,0,0,0,0,0,0,0,0,0,0,0,0,0,0,0,0,0,0,0,0,0,0,,,,,,,,,,,,,,,,,,,,,,,,,,,,,,,,,1,10,39,2,8,Emily,2,1,,52,4,A
2025-05-02 08:30:50,2025-05-02 08:35:49,0,24.92.36.242,100,299,1,2025-05-02 08:35:50,R_1qmjet9b8HBxuXG,,,,,42.9968,-78.1888,anonymous,EN,1,5,5,5,1,0,1,1,5,2,1,5,0,1,0,0,0,5,5,5,5,5,5,3,10,0,5,5,10,5,1,5,1,,,,,,,,,,,,,,,,,,,,,,,,,,,,,,,,,8,50,20,1,7,june,2,2,,63,4,A
2025-05-02 08:31:26,2025-05-02 08:36:40,0,107.180.165.231,100,314,1,2025-05-02 08:36:41,R_58Gbv7iDStvqyY1,,,,,37.751,-97.822,anonymous,EN,1,,,,,,,,,,,,,,,,,,,,,,,,,,,,,,,,,10,1,1,10,0,0,1,10,7,0,0,0,0,0,0,0,10,10,10,0,0,10,10,10,0,10,0,0,10,0,10,10,8,10,20,2,8,Emily,5,1,,26,5,B
2025-05-02 08:30:25,2025-05-02 08:36:43,0,166.199.7.65,100,377,1,2025-05-02 08:36:43,R_6PveDp8DnfDUHsQ,,,,,39.953,-83.0767,anonymous,EN,1,,,,,,,,,,,,,,,,,,,,,,,,,,,,,,,,,5,5,5,5,5,5,5,5,5,5,5,9,5,5,5,5,5,9,5,5,5,5,5,5,5,5,5,9,9,5,5,9,4,10,39,2,8,Emily,2,1,,27,4,B
2025-05-02 08:30:27,2025-05-02 08:36:44,0,172.91.192.97,100,376,1,2025-05-02 08:36:45,R_3zfVDi41lciV6IV,,,,,34.3975,-118.5568,anonymous,EN,1,,,,,,,,,,,,,,,,,,,,,,,,,,,,,,,,,4,8,8,2,5,9,6,7,7,6,9,6,2,4,6,7,0,8,3,0,6,7,0,7,1,7,8,8,1,0,7,6,8,50,20,1,8,Emily,3,2,,57,6,B
2025-05-02 08:31:14,2025-05-02 08:36:54,0,24.125.146.12,100,340,1,2025-05-02 08:36:54,R_7FLKXpZGUjsz7oV,,,,,33.8983,-84.5893,anonymous,EN,1,,,,,,,,,,,,,,,,,,,,,,,,,,,,,,,,,8,1,2,1,0,0,7,10,0,1,1,0,0,0,0,0,10,2,1,2,8,1,2,3,2,4,0,3,2,4,4,10,8,10,39,2,8,Emily,3,1,,43,2,B
2025-05-02 08:30:30,2025-05-02 08:36:59,0,89.23.92.196,100,388,1,2025-05-02 08:36:59,R_30AnzeMsLSzQhMt,,,,,40.7126,-74.0066,anonymous,EN,1,5,3,4,2,2,1,4,10,4,5,2,2,6,3,5,2,2,9,8,7,2,4,4,8,6,8,7,9,5,4,8,3,,,,,,,,,,,,,,,,,,,,,,,,,,,,,,,,,4,50,20,1,8,May,6,2,,55,1,A
2025-05-02 08:31:00,2025-05-02 08:37:03,0,174.85.184.21,100,363,1,2025-05-02 08:37:04,R_5eXN9f53kSgfXcM,,,,,34.803,-86.9714,anonymous,EN,1,6,3,4,3,7,6,3,3,7,6,6,1,6,2,0,1,4,8,4,4,5,4,6,6,7,6,7,5,3,2,7,1,,,,,,,,,,,,,,,,,,,,,,,,,,,,,,,,,4,10,39,2,8,emily,2,1,,33,5,A
2025-05-02 08:30:31,2025-05-02 08:37:05,0,174.161.3.249,100,393,1,2025-05-02 08:37:05,R_3USJlJFkLWYifYt,,,,,35.8585,-84.1206,anonymous,EN,1,,,,,,,,,,,,,,,,,,,,,,,,,,,,,,,,,1,5,8,5,1,10,1,7,3,5,3,2,3,0,0,0,6,8,2,0,5,3,0,6,1,4,2,1,5,2,7,6,8,10,39,2,8,"Emily ",6,1,,24,4,B
2025-05-02 08:30:56,2025-05-02 08:37:10,0,68.37.31.21,100,373,1,2025-05-02 08:37:10,R_1NwYFUmw49pX06f,,,,,42.9469,-85.6206,anonymous,EN,1,,,,,,,,,,,,,,,,,,,,,,,,,,,,,,,,,1,0,10,1,0,8,5,6,0,0,0,0,0,0,0,6,7,7,5,4,8,5,2,5,7,10,10,10,10,8,10,10,4,10,39,2,8,Emily,3,2,,62,1,B
2025-05-02 08:32:14,2025-05-02 08:37:19,0,66.68.47.98,100,304,1,2025-05-02 08:37:19,R_54MnWtizaCBeCj2,,,,,30.3773,-97.71,anonymous,EN,1,,,,,,,,,,,,,,,,,,,,,,,,,,,,,,,,,8,5,7,7,6,3,4,7,5,5,4,5,2,3,3,4,9,5,9,4,5,4,3,3,5,5,2,3,3,1,4,2,4,10,39,2,8,Emily,5,2,,23,3,B
2025-05-02 08:32:20,2025-05-02 08:37:21,0,66.68.182.41,100,301,1,2025-05-02 08:37:22,R_50YW6DiwfBfT5dl,,,,,30.2494,-94.6071,anonymous,EN,1,0,6,9,3,5,9,1,5,3,0,1,0,1,1,0,1,10,10,10,10,8,2,1,2,9,8,10,10,6,0,10,3,,,,,,,,,,,,,,,,,,,,,,,,,,,,,,,,,8,10,39,2,8,Emily,4,1,,40,1,A
2025-05-02 08:32:58,2025-05-02 08:37:35,0,81.161.5.108,100,276,1,2025-05-02 08:37:36,R_51abmVGSlsFCVIk,,,,,40.7662,-74.0178,anonymous,EN,1,0,0,0,0,4,3,7,7,0,2,0,0,8,2,0,0,1,8,9,1,6,4,9,10,1,10,9,7,1,2,10,1,,,,,,,,,,,,,,,,,,,,,,,,,,,,,,,,,4,50,39,2,8,Emily,5,1,,53,6,A
2025-05-02 08:31:20,2025-05-02 08:38:03,0,91.124.134.240,100,403,1,2025-05-02 08:38:04,R_31HQ6c53QhNg2Bc,,,,,37.751,-97.822,anonymous,EN,1,8,7,4,2,6,8,9,3,1,0,2,0,7,0,0,0,4,5,5,5,3,5,5,6,4,3,3,4,5,6,4,6,,,,,,,,,,,,,,,,,,,,,,,,,,,,,,,,,4,10,39,2,8,Emily,6,1,,30,4,A
2025-05-02 08:31:43,2025-05-02 08:38:51,0,139.171.30.163,100,427,1,2025-05-02 08:38:51,R_6mgvxVTI9cS2mGj,,,,,37.751,-97.822,anonymous,EN,1,,,,,,,,,,,,,,,,,,,,,,,,,,,,,,,,,7,9,5,2,2,9,10,8,3,2,1,1,0,0,0,1,7,4,3,6,10,6,8,7,5,6,8,9,10,8,10,10,4,10,39,2,8,Emily,6,1,,35,1,B
2025-05-02 08:30:43,2025-05-02 08:39:06,0,161.8.169.89,100,503,1,2025-05-02 08:39:07,R_6m8dImvxtyYGrmN,,,,,37.751,-97.822,anonymous,EN,1,1,5,6,4,6,6,6,6,2,5,5,4,8,4,1,2,6,7,7,5,4,3,6,6,3,7,8,6,4,4,6,2,,,,,,,,,,,,,,,,,,,,,,,,,,,,,,,,,20,50,20,2,7,Emily,6,2,,55,6,A
2025-05-02 08:30:53,2025-05-02 08:39:16,0,212.32.110.133,100,502,1,2025-05-02 08:39:16,R_6ooRmJvycqE2vxu,,,,,37.751,-97.822,anonymous,EN,1,,,,,,,,,,,,,,,,,,,,,,,,,,,,,,,,,3,0,5,0,0,0,0,0,3,9,0,0,0,0,0,0,0,0,0,0,0,0,0,0,0,10,0,0,0,0,10,0,8,10,48,2,8,Emily,5,2,,26,6,B
2025-05-02 08:32:26,2025-05-02 08:39:42,0,78.24.122.53,100,436,1,2025-05-02 08:39:42,R_75Zx8GYeWfzYLsq,,,,,38.4136,-121.9396,anonymous,EN,1,,,,,,,,,,,,,,,,,,,,,,,,,,,,,,,,,5,5,5,6,0,6,7,6,3,6,5,3,1,0,3,8,6,6,0,2,1,4,6,4,2,7,4,3,6,0,7,6,4,10,39,2,8,Emily,5,2,,20,5,B
2025-05-02 08:31:31,2025-05-02 08:39:47,0,70.63.203.62,100,496,1,2025-05-02 08:39:48,R_5YPsoqGp87UrdBv,,,,,36.0761,-79.781,anonymous,EN,1,8,2,1,6,2,10,5,10,6,0,3,9,9,8,9,7,7,7,2,4,4,0,5,3,3,0,7,3,2,3,2,2,,,,,,,,,,,,,,,,,,,,,,,,,,,,,,,,,8,10,39,2,7,June,4,1,,59,5,A
2025-05-02 08:33:34,2025-05-02 08:40:02,0,212.116.254.98,100,388,1,2025-05-02 08:40:03,R_1zG6ZeaJtdsstBD,,,,,39.0469,-77.4903,anonymous,EN,1,,,,,,,,,,,,,,,,,,,,,,,,,,,,,,,,,3,5,5,3,2,2,6,7,2,2,3,4,5,3,3,3,1,1,8,1,0,1,1,1,1,8,8,1,1,2,2,1,4,10,39,2,8,Emily,5,1,,53,6,B
2025-05-02 08:30:35,2025-05-02 08:40:03,0,89.34.228.7,100,568,1,2025-05-02 08:40:04,R_7MIT1gLxpQH3fuV,,,,,32.505,-92.1239,anonymous,EN,1,,,,,,,,,,,,,,,,,,,,,,,,,,,,,,,,,6,5,4,2,2,4,3,7,0,5,1,5,1,6,0,1,8,2,2,4,2,4,4,10,1,7,7,8,8,1,10,7,4,10,39,2,8,Emily,6,1,,55,5,B
2025-05-02 08:34:23,2025-05-02 08:40:11,0,104.218.199.29,100,348,1,2025-05-02 08:40:12,R_5uP4V3Gduh5F2M1,,,,,33.4532,-112.0748,anonymous,EN,1,,,,,,,,,,,,,,,,,,,,,,,,,,,,,,,,,10,9,5,7,7,5,5,3,3,9,0,5,5,1,6,0,10,4,10,6,6,4,2,2,6,4,0,3,7,4,0,0,4,10,39,2,8,Emily,5,2,,34,5,B
2025-05-02 08:31:39,2025-05-02 08:40:31,0,88.209.234.198,100,532,1,2025-05-02 08:40:32,R_5yZpoGO0QTDcmoV,,,,,40.3344,-74.795,anonymous,EN,1,,,,,,,,,,,,,,,,,,,,,,,,,,,,,,,,,4,6,0,4,10,10,8,10,5,10,0,0,5,0,0,0,5,10,10,1,10,10,10,10,0,10,0,10,0,10,10,10,8,50,20,2,7,June,5,1,,32,4,B
2025-05-02 08:31:15,2025-05-02 08:40:55,0,212.32.110.32,100,579,1,2025-05-02 08:40:55,R_3OVq6TBOAzT2rtc,,,,,37.751,-97.822,anonymous,EN,1,6,4,5,2,5,6,5,4,7,3,1,2,3,8,0,6,7,5,7,5,8,3,7,8,5,5,5,7,7,8,8,7,,,,,,,,,,,,,,,,,,,,,,,,,,,,,,,,,4,10,39,2,8,Emily,6,2,,34,6,A
2025-05-02 08:35:07,2025-05-02 08:41:25,0,184.59.58.162,100,377,1,2025-05-02 08:41:26,R_5IdRdRhaouWLTlT,,,,,45.1,-87.6307,anonymous,EN,1,,,,,,,,,,,,,,,,,,,,,,,,,,,,,,,,,4,0,7,0,0,4,0,6,0,0,2,0,0,0,0,0,0,0,0,0,0,0,0,0,0,0,0,0,0,0,0,7,4,10,39,2,8,Emily,5,2,,66,3,B
2025-05-02 08:32:49,2025-05-02 08:41:49,0,73.204.183.95,100,539,1,2025-05-02 08:41:49,R_54aqVeEgkIGGClj,,,,,27.5912,-80.3911,anonymous,EN,1,10,6,8,5,9,1,3,4,0,1,2,3,8,0,0,1,5,7,9,0,0,0,5,0,0,0,6,5,0,0,0,0,,,,,,,,,,,,,,,,,,,,,,,,,,,,,,,,,8,10,42,2,8,Emily,2,1,,41,1,A
2025-05-02 08:31:15,2025-05-02 08:41:52,0,167.253.22.0,100,637,1,2025-05-02 08:41:53,R_3zIkORAiPjcckzl,,,,,47.6144,-122.3447,anonymous,EN,1,6,6,7,5,6,6,6,5,4,6,7,6,7,6,6,7,6,7,6,5,6,7,6,7,6,7,7,6,7,7,6,5,,,,,,,,,,,,,,,,,,,,,,,,,,,,,,,,,4,10,39,2,7," Emily",3,2,,42,2,A
2025-05-02 08:30:54,2025-05-02 08:41:53,0,149.18.54.61,100,658,1,2025-05-02 08:41:53,R_3zvWDlNtVSGgN4S,,,,,37.751,-97.822,anonymous,EN,1,8,8,5,3,7,4,6,7,5,5,6,5,5,3,0,3,10,10,6,8,10,6,8,8,4,10,8,7,5,4,10,4,,,,,,,,,,,,,,,,,,,,,,,,,,,,,,,,,4,10,20,2,8,emily,5,2,,54,4,A
2025-05-02 08:31:40,2025-05-02 08:41:56,0,73.1.112.8,100,615,1,2025-05-02 08:41:56,R_5mxmso8InDYyy1X,,,,,27.2621,-80.3835,anonymous,EN,1,5,5,0,0,2,0,7,4,0,0,0,0,0,0,0,2,10,8,9,9,5,5,5,5,4,9,2,9,0,0,9,6,,,,,,,,,,,,,,,,,,,,,,,,,,,,,,,,,4,10,39,2,8,Emily,2,2,,70,2,A
2025-05-02 08:31:07,2025-05-02 08:41:58,0,172.98.167.145,100,651,1,2025-05-02 08:41:58,R_6JZJPFZFp02Tg8V,,,,,37.751,-97.822,anonymous,EN,1,10,10,5,5,8,5,10,10,0,0,5,0,0,0,0,0,6,8,0,1,2,0,6,2,3,6,9,5,0,0,10,5,,,,,,,,,,,,,,,,,,,,,,,,,,,,,,,,,4,10,39,2,8,Emily,5,1,,29,6,A
2025-05-02 08:32:11,2025-05-02 08:42:04,0,130.255.67.81,100,592,1,2025-05-02 08:42:04,R_5WdkFJ6XQi3vyY9,,,,,33.6988,-78.916,anonymous,EN,1,,,,,,,,,,,,,,,,,,,,,,,,,,,,,,,,,7,4,7,6,9,4,7,6,7,7,8,6,4,5,5,6,5,9,6,6,6,7,5,5,5,5,7,5,8,5,8,4,4,10,39,2,8,Emily,6,1,,51,6,B
2025-05-02 08:30:50,2025-05-02 08:42:17,0,71.28.253.122,100,686,1,2025-05-02 08:42:18,R_6rDvK6x7C9FUGyQ,,,,,31.413,-83.329,anonymous,EN,1,,,,,,,,,,,,,,,,,,,,,,,,,,,,,,,,,1,10,10,8,8,1,2,8,5,8,0,0,2,0,7,0,0,1,0,0,8,3,6,4,0,2,0,2,4,2,7,10,4,10,39,1,8,Emily,5,1,,59,1,B
2025-05-02 08:32:05,2025-05-02 08:42:35,0,172.56.228.115,100,629,1,2025-05-02 08:42:35,R_59qydNte1kSip2x,,,,,33.4663,-86.808,anonymous,EN,1,9,6,0,0,0,0,9,3,1,1,0,3,10,0,0,0,0,9,10,0,0,10,1,9,1,9,10,10,9,9,9,9,,,,,,,,,,,,,,,,,,,,,,,,,,,,,,,,,8,10,39,2,7,emily,5,1,,43,6,A
2025-05-02 08:30:40,2025-05-02 08:42:39,0,86.109.83.196,100,718,1,2025-05-02 08:42:39,R_53LMgOwnRW6CEWR,,,,,35.0737,-78.8883,anonymous,EN,1,2,5,2,2,3,10,9,5,1,9,4,0,2,3,0,2,6,7,8,8,6,4,5,4,8,9,7,10,3,2,9,5,,,,,,,,,,,,,,,,,,,,,,,,,,,,,,,,,4,10,39,2,8,Emily,6,2,,41,2,A
2025-05-02 08:32:28,2025-05-02 08:42:40,0,174.198.129.254,100,612,1,2025-05-02 08:42:40,R_7Ll2xnxRsdMah33,,,,,39.7861,-104.8296,anonymous,EN,1,8,3,2,6,5,0,5,3,2,2,3,0,5,0,0,0,7,9,10,8,3,2,0,6,6,10,7,8,0,0,10,0,,,,,,,,,,,,,,,,,,,,,,,,,,,,,,,,,4,10,39,2,8,Emily,3,2,,31,3,A
2025-05-02 08:30:35,2025-05-02 08:42:59,0,46.203.114.132,100,744,1,2025-05-02 08:43:00,R_3C1JDiCjYbrrpLP,,,,,40.6805,-73.8442,anonymous,EN,1,,,,,,,,,,,,,,,,,,,,,,,,,,,,,,,,,7,10,0,10,0,10,10,10,9,0,1,0,0,0,1,0,8,9,4,5,10,7,10,10,2,9,9,5,10,6,10,10,4,10,39,2,8,Emily,6,2,,27,5,B
2025-05-02 08:30:22,2025-05-02 08:43:06,0,24.139.57.227,100,764,1,2025-05-02 08:43:07,R_1hywoxFPqCpyYeU,,,,,34.6224,-98.3913,anonymous,EN,1,,,,,,,,,,,,,,,,,,,,,,,,,,,,,,,,,0,10,5,5,0,0,0,8,0,0,0,0,0,0,0,0,1,8,6,5,3,4,8,7,1,8,9,8,5,0,9,9,4,10,39,1,8,Emily,3,1,,55,3,B
2025-05-02 08:30:36,2025-05-02 08:43:07,0,76.82.254.218,100,751,1,2025-05-02 08:43:07,R_3nPZoL9HmTsOXza,,,,,34.1483,-118.0016,anonymous,EN,1,,,,,,,,,,,,,,,,,,,,,,,,,,,,,,,,,8,8,7,3,1,8,7,8,7,1,1,1,1,0,0,0,7,7,5,5,9,6,6,9,5,8,7,7,9,8,9,10,8,10,20,2,8,Emily,2,2,,61,5,B
2025-05-02 08:30:58,2025-05-02 08:43:08,0,72.214.93.104,100,729,1,2025-05-02 08:43:08,R_6NfqzDwU3WdP9Ml,,,,,36.8558,-76.0042,anonymous,EN,1,8,5,0,0,5,0,9,2,0,0,2,0,8,5,0,9,9,10,8,6,9,8,6,8,0,10,7,7,0,1,10,0,,,,,,,,,,,,,,,,,,,,,,,,,,,,,,,,,8,10,39,1,7,Emily,6,2,,52,2,A
2025-05-02 08:30:37,2025-05-02 08:43:28,0,76.32.137.128,100,770,1,2025-05-02 08:43:28,R_1FtDeIpOwxIWJpd,,,,,34.0767,-118.1802,anonymous,EN,1,0,6,8,2,5,6,4,9,2,0,0,0,4,0,0,0,9,9,9,2,9,0,9,0,2,9,6,9,5,0,10,5,,,,,,,,,,,,,,,,,,,,,,,,,,,,,,,,,8,50,20,1,8,Emily,5,2,,60,2,A
2025-05-02 08:34:50,2025-05-02 08:44:06,0,93.113.181.93,100,556,1,2025-05-02 08:44:07,R_5sXC8qux9grvLqm,,,,,41.1462,-73.9966,anonymous,EN,1,1,3,1,3,4,2,0,2,1,0,0,0,7,3,0,1,2,8,6,0,0,1,2,3,0,8,5,1,0,3,9,1,,,,,,,,,,,,,,,,,,,,,,,,,,,,,,,,,4,10,39,2,8,Emily,6,1,,27,5,A
2025-05-02 08:30:24,2025-05-02 08:44:18,0,140.233.205.177,100,833,1,2025-05-02 08:44:18,R_35EYrirreIpz5zp,,,,,37.751,-97.822,anonymous,EN,1,,,,,,,,,,,,,,,,,,,,,,,,,,,,,,,,,0,9,0,5,0,2,2,9,0,0,0,0,7,0,0,4,3,7,4,2,5,3,2,5,6,6,2,3,2,7,6,7,4,10,39,2,7,Emily,4,2,,70,5,B
2025-05-02 08:30:33,2025-05-02 08:44:28,0,107.12.143.168,100,835,1,2025-05-02 08:44:28,R_3iPGt19whITmlub,,,,,34.777,-77.3769,anonymous,EN,1,9,5,9,0,0,9,0,0,0,0,0,0,0,0,0,0,6,0,0,6,0,0,2,0,5,0,7,4,0,0,9,0,,,,,,,,,,,,,,,,,,,,,,,,,,,,,,,,,8,50,20,1,8,June,5,2,,30,1,A
2025-05-02 08:31:09,2025-05-02 08:44:36,0,71.167.155.61,100,806,1,2025-05-02 08:44:36,R_1LnDroXRNFbOrHG,,,,,40.9285,-73.8282,anonymous,EN,1,1,3,9,0,7,7,5,8,1,1,2,0,2,2,1,5,8,5,10,7,5,3,3,3,7,8,10,10,8,3,9,7,,,,,,,,,,,,,,,,,,,,,,,,,,,,,,,,,8,10,39,2,8,Emily,5,2,,60,3,A
2025-05-02 08:32:24,2025-05-02 08:44:39,0,172.59.104.62,100,735,1,2025-05-02 08:44:40,R_72vYyXQYMoQJk1H,,,,,29.9734,-90.0885,anonymous,EN,1,0,0,0,0,0,0,0,0,0,0,0,0,9,0,0,10,10,0,10,10,0,0,0,10,0,0,0,0,0,0,0,0,,,,,,,,,,,,,,,,,,,,,,,,,,,,,,,,,8,50,20,1,7,June,2,2,,44,3,A
2025-05-02 08:31:47,2025-05-02 08:44:41,0,89.34.231.142,100,774,1,2025-05-02 08:44:42,R_7dFb8yitidKjIxX,,,,,40.3749,-79.9717,anonymous,EN,1,,,,,,,,,,,,,,,,,,,,,,,,,,,,,,,,,10,10,5,10,0,1,10,0,10,0,0,2,0,0,0,0,10,10,9,10,9,9,10,5,5,9,9,10,10,9,9,9,4,10,39,2,8,Emily,6,1,,48,1,B
2025-05-02 08:30:35,2025-05-02 08:44:42,0,23.153.64.54,100,846,1,2025-05-02 08:44:42,R_3pglJKbHmS91z57,,,,,37.751,-97.822,anonymous,EN,1,2,1,2,2,2,2,8,5,3,3,2,3,2,2,2,1,1,7,5,2,6,1,1,4,3,7,6,7,1,2,8,1,,,,,,,,,,,,,,,,,,,,,,,,,,,,,,,,,4,10,39,2,8,Emily,6,2,,45,3,A
2025-05-02 08:38:45,2025-05-02 08:44:43,0,98.215.74.91,100,358,1,2025-05-02 08:44:44,R_3qEc7Fz5Lk4dzpq,,,,,42.0211,-86.5104,anonymous,EN,1,1,6,6,3,6,7,6,6,2,1,6,1,3,0,0,4,9,8,8,4,6,0,1,7,6,8,6,9,8,0,8,0,,,,,,,,,,,,,,,,,,,,,,,,,,,,,,,,,4,10,39,2,8,Emily,4,1,,50,2,A
2025-05-02 08:31:02,2025-05-02 08:45:06,0,161.8.174.29,100,844,1,2025-05-02 08:45:07,R_3ESxAjaBDKTewoh,,,,,37.751,-97.822,anonymous,EN,1,,,,,,,,,,,,,,,,,,,,,,,,,,,,,,,,,1,9,9,9,1,9,2,0,8,0,1,9,0,0,8,0,10,10,0,2,10,0,9,10,0,10,10,10,10,10,10,10,8,10,39,2,8,Emily,6,1,,24,6,B
2025-05-02 08:34:01,2025-05-02 08:45:17,0,161.8.169.233,100,676,1,2025-05-02 08:45:18,R_3lDYWGy4VoQQv69,,,,,37.751,-97.822,anonymous,EN,1,,,,,,,,,,,,,,,,,,,,,,,,,,,,,,,,,6,3,6,5,5,2,6,5,5,1,5,4,3,5,0,7,5,7,5,8,1,2,1,5,2,8,3,9,8,0,9,6,4,10,39,2,8,Emily,6,2,,31,5,B
2025-05-02 08:31:01,2025-05-02 08:45:23,0,86.109.83.241,100,862,1,2025-05-02 08:45:24,R_5zTOzdkXUt5VDp9,,,,,35.0737,-78.8883,anonymous,EN,1,5,4,2,4,2,6,1,5,4,4,2,3,6,3,2,3,5,9,8,3,1,0,9,8,3,9,8,10,2,1,10,1,,,,,,,,,,,,,,,,,,,,,,,,,,,,,,,,,4,10,39,2,7,Emily,5,1,,34,4,A
2025-05-02 08:31:03,2025-05-02 08:45:41,0,130.255.65.129,100,877,1,2025-05-02 08:45:42,R_3TAE6XHNGa8ScMN,,,,,33.6988,-78.916,anonymous,EN,1,,,,,,,,,,,,,,,,,,,,,,,,,,,,,,,,,7,5,5,3,4,4,4,6,6,7,3,6,4,3,4,6,7,8,6,5,3,5,4,4,5,7,3,6,4,3,3,6,4,10,20,2,7,Emily,6,2,,36,6,B
2025-05-02 08:30:46,2025-05-02 08:45:46,0,144.229.6.161,100,899,1,2025-05-02 08:45:46,R_5IeG8TbEpikTtDz,,,,,39.7503,-75.5453,anonymous,EN,1,,,,,,,,,,,,,,,,,,,,,,,,,,,,,,,,,5,7,4,0,0,7,1,8,1,2,0,2,1,0,0,0,3,3,3,9,9,10,9,7,7,3,9,7,8,6,9,8,8,50,20,1,8,june,5,1,,33,2,B
2025-05-02 08:31:03,2025-05-02 08:46:09,0,23.153.64.107,100,906,1,2025-05-02 08:46:09,R_39hrVYx7M7hxmzn,,,,,37.751,-97.822,anonymous,EN,1,,,,,,,,,,,,,,,,,,,,,,,,,,,,,,,,,2,8,5,0,0,7,6,10,5,4,0,10,0,0,0,0,10,10,5,6,10,5,10,10,1,10,10,4,10,6,10,10,8,10,20,2,7,April,6,1,,22,5,B
2025-05-02 08:32:37,2025-05-02 08:46:17,0,89.46.181.200,100,819,1,2025-05-02 08:46:17,R_1LxrNizmto0hN0l,,,,,34.9458,-81.9334,anonymous,EN,1,8,7,4,3,3,7,6,3,1,2,1,4,7,5,2,4,10,10,8,7,9,6,9,6,9,8,6,7,8,8,8,7,,,,,,,,,,,,,,,,,,,,,,,,,,,,,,,,,4,10,20,2,8,Emily,5,1,,31,5,A
2025-05-02 08:30:26,2025-05-02 08:46:28,0,163.123.202.69,100,961,1,2025-05-02 08:46:28,R_3iiFQJphTfVc8AF,,,,,37.751,-97.822,anonymous,EN,1,,,,,,,,,,,,,,,,,,,,,,,,,,,,,,,,,9,6,2,7,1,8,9,7,1,8,0,1,3,1,2,1,5,5,7,2,3,4,7,8,3,8,7,5,3,6,9,7,8,10,39,2,8,Emily,6,1,,29,3,B
2025-05-02 08:30:50,2025-05-02 08:46:33,0,223.29.143.115,100,942,1,2025-05-02 08:46:33,R_3Y1MOQFKwiMjNM5,,,,,37.751,-97.822,anonymous,EN,1,,,,,,,,,,,,,,,,,,,,,,,,,,,,,,,,,3,7,6,4,5,7,7,7,5,3,6,8,7,6,6,5,7,7,5,6,8,6,7,7,7,6,7,8,5,5,5,7,8,50,20,1,7,June,6,1,,30,5,B
2025-05-02 08:30:32,2025-05-02 08:46:42,0,223.29.147.71,100,969,1,2025-05-02 08:46:42,R_3CBI3XxX2dWDNgG,,,,,37.751,-97.822,anonymous,EN,1,,,,,,,,,,,,,,,,,,,,,,,,,,,,,,,,,9,4,5,6,3,7,6,6,3,8,3,8,3,5,3,2,2,10,2,1,10,6,7,7,1,9,2,1,1,1,9,1,8,50,20,2,8,Emily,5,2,,26,2,B
2025-05-02 08:32:31,2025-05-02 08:47:14,0,76.38.177.110,100,882,1,2025-05-02 08:47:14,R_7fmhae5pbW25axC,,,,,42.1254,-75.9664,anonymous,EN,1,,,,,,,,,,,,,,,,,,,,,,,,,,,,,,,,,8,7,8,8,8,9,9,8,3,2,2,7,2,1,1,1,7,8,6,7,10,7,6,6,4,7,8,7,9,3,10,9,4,10,39,2,8,Emily,5,1,,37,6,B
2025-05-02 08:31:13,2025-05-02 08:47:14,0,23.153.64.24,100,961,1,2025-05-02 08:47:15,R_623AjYPPl78RoBS,,,,,37.751,-97.822,anonymous,EN,1,1,6,3,3,4,7,6,7,3,0,1,0,8,5,1,1,8,6,8,7,4,8,8,9,4,10,7,9,3,3,9,2,,,,,,,,,,,,,,,,,,,,,,,,,,,,,,,,,8,5,480,2,7,Emily,6,1,,31,5,A
2025-05-02 08:31:35,2025-05-02 08:47:24,0,104.218.199.186,100,949,1,2025-05-02 08:47:24,R_5xMkYzdtXtsfam1,,,,,33.4532,-112.0748,anonymous,EN,1,,,,,,,,,,,,,,,,,,,,,,,,,,,,,,,,,8,6,1,6,1,4,6,6,7,2,1,5,1,6,0,1,6,10,8,5,7,4,8,8,3,10,7,5,4,7,10,6,8,50,20,2,7,June,5,1,,48,1,B
2025-05-02 08:31:44,2025-05-02 08:47:40,0,86.109.86.90,100,956,1,2025-05-02 08:47:41,R_5UNAevu4laSj96N,,,,,35.7704,-78.6293,anonymous,EN,1,2,7,6,1,1,6,5,9,0,1,3,3,1,0,0,0,4,8,8,4,4,3,2,9,4,8,7,7,2,4,8,1,,,,,,,,,,,,,,,,,,,,,,,,,,,,,,,,,8,50,20,2,8,Emily,6,1,,46,4,A
2025-05-02 08:33:10,2025-05-02 08:47:56,0,174.201.157.226,100,886,1,2025-05-02 08:47:57,R_1kb8Py1k3eNwlvb,,,,,33.4355,-86.1131,anonymous,EN,1,,,,,,,,,,,,,,,,,,,,,,,,,,,,,,,,,3,3,4,3,3,6,3,4,3,3,3,4,4,6,4,4,2,2,1,2,6,2,1,1,2,2,1,1,6,1,2,1,8,50,20,2,7,"June ",3,2,,33,3,B
2025-05-02 08:30:30,2025-05-02 08:47:57,0,107.192.45.98,100,1047,1,2025-05-02 08:47:58,R_3IXhUu2NKNG9Xzh,,,,,42.2967,-85.2066,anonymous,EN,1,,,,,,,,,,,,,,,,,,,,,,,,,,,,,,,,,6,4,9,2,5,3,8,10,3,7,1,3,3,1,5,0,6,3,4,5,4,9,4,7,2,9,7,7,8,4,9,2,8,50,39,2,8,Emily,2,2,,22,4,B
2025-05-02 08:33:00,2025-05-02 08:47:58,0,212.116.254.9,100,898,1,2025-05-02 08:47:59,R_5GDDzQcKbl2i8bc,,,,,39.0469,-77.4903,anonymous,EN,1,,,,,,,,,,,,,,,,,,,,,,,,,,,,,,,,,5,6,6,5,6,5,6,5,6,6,6,5,7,6,5,6,5,6,7,5,5,6,6,6,7,7,6,6,6,7,5,6,20,10,39,2,8,Emily,5,2,,29,2,B
2025-05-02 08:33:54,2025-05-02 08:47:59,0,172.59.209.12,100,844,1,2025-05-02 08:47:59,R_1Sj1rjLcDMOl0tT,,,,,40.7337,-74.1941,anonymous,EN,1,9,7,7,0,1,5,8,8,0,0,0,7,8,3,0,0,9,10,8,9,8,1,0,7,1,8,0,6,8,0,8,0,,,,,,,,,,,,,,,,,,,,,,,,,,,,,,,,,8,10,39,2,7,Emily,5,1,,27,5,A
2025-05-02 08:30:48,2025-05-02 08:48:39,0,89.34.225.251,100,1070,1,2025-05-02 08:48:39,R_1jXowzyFWWPD2bD,,,,,40.5697,-74.1184,anonymous,EN,1,,,,,,,,,,,,,,,,,,,,,,,,,,,,,,,,,1,0,3,4,0,0,0,0,5,0,0,0,1,0,0,0,8,8,7,3,9,9,9,8,3,9,8,9,9,8,9,9,8,50,20,2,8,June,6,1,,25,5,B
2025-05-02 08:30:26,2025-05-02 08:49:09,0,172.59.190.178,100,1122,1,2025-05-02 08:49:09,R_5WNLQUNLjtHNtUK,,,,,41.8835,-87.6305,anonymous,EN,1,,,,,,,,,,,,,,,,,,,,,,,,,,,,,,,,,7,7,7,3,2,8,7,7,3,3,3,3,2,3,2,2,7,3,7,4,7,4,6,7,2,3,7,4,5,3,9,4,8,50,39,1,7,June,5,2,,61,6,B
2025-05-02 08:30:44,2025-05-02 08:49:18,0,174.216.7.206,100,1113,1,2025-05-02 08:49:19,R_3CH5hsEmtEVUisb,,,,,36.1053,-79.8762,anonymous,EN,1,,,,,,,,,,,,,,,,,,,,,,,,,,,,,,,,,0,5,2,2,0,0,0,6,1,5,1,0,0,0,2,0,5,5,4,1,5,7,6,9,0,9,4,3,9,0,10,1,8,50,20,1,7,"June ",5,2,,58,1,B
2025-05-02 08:36:44,2025-05-02 08:49:54,0,77.81.79.171,100,789,1,2025-05-02 08:49:55,R_5C8Dc9eXU22f0qw,,,,,40.9213,-74.2942,anonymous,EN,1,5,5,5,8,5,8,5,8,5,5,5,5,5,5,5,5,7,8,7,6,6,6,8,6,8,8,8,8,6,8,8,7,,,,,,,,,,,,,,,,,,,,,,,,,,,,,,,,,4,10,39,2,8,Emily,6,1,,56,4,A
2025-05-02 08:36:47,2025-05-02 08:50:10,0,89.37.119.21,100,802,1,2025-05-02 08:50:10,R_55JnUp1vEqTx1g5,,,,,40.7872,-74.3225,anonymous,EN,1,,,,,,,,,,,,,,,,,,,,,,,,,,,,,,,,,5,5,5,5,5,5,5,5,5,5,5,5,5,5,5,5,8,7,8,8,7,8,8,7,8,8,8,8,7,8,8,7,4,10,39,2,8,Emily,5,1,,54,4,B
2025-05-02 08:32:36,2025-05-02 08:50:48,0,86.109.85.201,100,1091,1,2025-05-02 08:50:48,R_3rPkHebXqykoNSI,,,,,35.0737,-78.8883,anonymous,EN,1,5,5,3,2,1,8,6,9,2,4,4,6,5,5,1,6,4,5,3,5,10,1,1,9,5,10,4,6,5,3,10,1,,,,,,,,,,,,,,,,,,,,,,,,,,,,,,,,,4,10,39,2,8,Emily,6,2,,59,5,A
2025-05-02 08:38:31,2025-05-02 08:50:48,0,149.18.53.120,100,736,1,2025-05-02 08:50:48,R_3Gs2ta1IrY0qtQq,,,,,37.751,-97.822,anonymous,EN,1,,,,,,,,,,,,,,,,,,,,,,,,,,,,,,,,,7,7,3,5,0,4,3,6,2,4,0,2,2,0,0,1,4,5,3,7,7,7,6,8,7,8,7,5,5,2,6,4,4,10,39,2,8,emily,5,2,,56,5,B
2025-05-02 08:34:03,2025-05-02 08:50:55,0,168.235.145.245,100,1011,1,2025-05-02 08:50:56,R_5KpSqFvTZvVkghe,,,,,33.9558,-118.3893,anonymous,EN,1,7,3,2,1,1,3,3,1,1,3,2,3,1,1,1,1,5,0,2,5,2,3,1,6,2,3,1,1,4,6,3,0,,,,,,,,,,,,,,,,,,,,,,,,,,,,,,,,,7,50,39,2,8,emily,5,2,,47,1,A
2025-05-02 08:37:56,2025-05-02 08:51:14,0,212.116.254.40,100,798,1,2025-05-02 08:51:15,R_1L4fms9oPEz8p21,,,,,39.0469,-77.4903,anonymous,EN,1,0,8,0,0,1,5,8,7,0,4,0,0,1,1,0,0,1,10,10,3,2,2,9,10,5,8,10,9,1,1,10,10,,,,,,,,,,,,,,,,,,,,,,,,,,,,,,,,,4,10,39,2,8,Emily,5,2,,53,6,A
2025-05-02 08:40:40,2025-05-02 08:51:19,0,223.29.141.86,100,639,1,2025-05-02 08:51:19,R_5Pb3qPypq59lQ2Q,,,,,37.751,-97.822,anonymous,EN,1,4,8,6,6,6,7,7,7,5,7,6,6,6,6,5,5,7,8,7,6,3,4,4,7,5,9,6,5,5,7,9,7,,,,,,,,,,,,,,,,,,,,,,,,,,,,,,,,,8,10,39,2,7,June,6,1,,49,2,A
2025-05-02 08:30:45,2025-05-02 08:51:42,0,168.235.147.79,100,1256,1,2025-05-02 08:51:42,R_3qqOerBTBBgTv19,,,,,33.9558,-118.3893,anonymous,EN,1,9,9,1,0,0,8,10,9,1,0,1,0,3,9,0,0,0,9,1,9,1,1,9,9,0,0,1,0,7,0,0,0,,,,,,,,,,,,,,,,,,,,,,,,,,,,,,,,,8,50,80,2,7,june,5,2,,29,6,A
2025-05-02 08:32:36,2025-05-02 08:51:49,0,168.158.101.0,100,1153,1,2025-05-02 08:51:49,R_75z2uAG7VAH7i9L,,,,,33.3897,-111.8469,anonymous,EN,1,10,10,3,0,0,10,9,8,0,10,9,10,10,0,0,0,10,10,10,0,10,1,0,4,0,10,10,10,1,0,10,10,,,,,,,,,,,,,,,,,,,,,,,,,,,,,,,,,8,10,39,2,8,Emily,6,2,,33,5,A
2025-05-02 08:31:52,2025-05-02 08:52:45,0,107.180.162.104,100,1253,1,2025-05-02 08:52:46,R_5HVoLF39TLGOIXD,,,,,37.751,-97.822,anonymous,EN,1,5,7,5,7,4,5,5,6,6,6,6,7,7,7,6,7,8,6,7,7,6,7,6,6,7,7,9,7,6,7,8,8,,,,,,,,,,,,,,,,,,,,,,,,,,,,,,,,,8,10,10,1,7,June,5,2,,33,5,A
2025-05-02 08:33:10,2025-05-02 08:54:29,0,212.116.254.127,100,1279,1,2025-05-02 08:54:29,R_5w6T3yqUzwHTj7z,,,,,39.0469,-77.4903,anonymous,EN,1,6,6,4,1,3,6,3,3,2,1,1,3,5,1,0,0,3,4,7,6,2,5,5,9,7,9,8,7,2,3,10,8,,,,,,,,,,,,,,,,,,,,,,,,,,,,,,,,,4,10,20,2,8,Emily,5,2,,61,5,A
2025-05-02 08:31:31,2025-05-02 08:55:19,0,104.251.93.218,100,1427,1,2025-05-02 08:55:20,R_6feP7oYkuljMAzu,,,,,37.751,-97.822,anonymous,EN,1,3,3,6,0,0,0,1,0,0,0,1,2,0,0,2,0,2,3,4,3,7,1,3,4,0,8,0,0,2,0,8,0,,,,,,,,,,,,,,,,,,,,,,,,,,,,,,,,,8,50,20,1,7,June,5,2,,28,5,A
2025-05-02 08:30:54,2025-05-02 08:55:34,0,73.55.233.141,100,1480,1,2025-05-02 08:55:35,R_1AQqCzmetpwyaOp,,,,,29.7008,-95.1961,anonymous,EN,1,5,4,10,0,1,2,5,8,0,3,3,0,2,0,1,2,5,6,7,8,5,0,8,8,4,6,10,5,0,0,3,0,,,,,,,,,,,,,,,,,,,,,,,,,,,,,,,,,8,10,39,2,8,Emily,2,2,,29,3,A
2025-05-02 08:33:48,2025-05-02 08:55:36,0,104.218.199.139,100,1308,1,2025-05-02 08:55:37,R_59fSJZHf25KlMwr,,,,,33.4532,-112.0748,anonymous,EN,1,7,6,9,7,7,6,9,6,7,8,8,9,9,9,9,7,7,7,7,6,6,9,10,7,7,9,9,7,9,9,9,10,,,,,,,,,,,,,,,,,,,,,,,,,,,,,,,,,8,50,40,1,7,june,5,1,,26,6,A
2025-05-02 08:42:23,2025-05-02 08:56:26,0,172.59.214.33,100,843,1,2025-05-02 08:56:26,R_7S0OIDtJr8wug8U,,,,,40.7641,-74.1654,anonymous,EN,1,,,,,,,,,,,,,,,,,,,,,,,,,,,,,,,,,9,6,9,4,0,6,8,9,0,9,0,7,0,5,0,0,8,8,9,1,6,5,8,9,0,10,8,1,0,8,9,0,8,10,39,2,7,EMILY,6,2,,31,5,B
2025-05-02 08:31:29,2025-05-02 08:57:33,0,161.8.169.226,100,1564,1,2025-05-02 08:57:34,R_5dDV2WMwvwQ3jgM,,,,,37.751,-97.822,anonymous,EN,1,,,,,,,,,,,,,,,,,,,,,,,,,,,,,,,,,4,8,7,2,1,7,8,7,3,2,1,1,1,1,0,0,9,6,4,2,9,5,8,6,4,6,7,3,8,7,10,8,4,10,39,2,8,Emily,5,2,,28,5,B
2025-05-02 08:30:32,2025-05-02 09:01:07,0,168.235.144.144,100,1835,1,2025-05-02 09:01:08,R_1qXrtgk9b1VJL6p,,,,,33.9558,-118.3893,anonymous,EN,1,,,,,,,,,,,,,,,,,,,,,,,,,,,,,,,,,10,8,10,10,10,10,9,10,1,2,6,7,6,0,1,5,10,10,7,4,9,9,6,6,1,10,7,2,0,0,10,8,4,10,39,2,8,Emily,5,1,,33,4,B
2025-05-02 08:34:07,2025-05-02 09:02:29,0,172.59.214.33,100,1701,1,2025-05-02 09:02:29,R_1IBfjkfzbP6VVY5,,,,,40.7337,-74.1941,anonymous,EN,1,,,,,,,,,,,,,,,,,,,,,,,,,,,,,,,,,10,10,8,8,2,5,9,10,10,8,0,3,0,0,0,8,10,10,10,0,9,0,0,4,0,10,10,2,10,6,10,2,4,10,39,2,8,Emily,6,1,,32,6,B
2025-05-02 08:36:14,2025-05-02 09:02:30,0,73.145.244.205,100,1576,1,2025-05-02 09:02:30,R_1Kx1LozGi6vORdp,,,,,42.3888,-83.1895,anonymous,EN,1,6,9,6,8,8,1,7,5,0,0,0,0,8,0,0,0,6,7,9,5,6,4,5,7,5,8,7,8,6,1,8,3,,,,,,,,,,,,,,,,,,,,,,,,,,,,,,,,,4,10,39,2,8,Emily,5,1,,54,3,A
2025-05-02 08:31:05,2025-05-02 09:02:31,0,45.45.208.110,100,1885,1,2025-05-02 09:02:32,R_5RpDmhYAehGr3pP,,,,,40.7126,-74.0066,anonymous,EN,1,,,,,,,,,,,,,,,,,,,,,,,,,,,,,,,,,7,9,8,8,8,9,9,4,4,1,1,2,1,0,0,0,8,8,3,7,9,7,8,7,5,6,6,7,9,5,8,9,4,10,39,1,8,Emily,5,1,,62,6,B
2025-05-02 08:38:46,2025-05-02 09:04:03,0,104.218.199.148,100,1516,1,2025-05-02 09:04:03,R_3ifj2geaCTT6dyd,,,,,33.4532,-112.0748,anonymous,EN,1,2,5,0,2,3,7,7,6,0,0,0,0,7,0,0,0,4,5,7,2,5,2,6,8,3,9,7,8,5,2,10,0,,,,,,,,,,,,,,,,,,,,,,,,,,,,,,,,,4,10,39,2,8,Emily,6,1,,55,5,A
2025-05-02 08:31:58,2025-05-02 09:04:20,0,23.153.64.78,100,1941,1,2025-05-02 09:04:20,R_5JjTr06I92dGWdW,,,,,37.751,-97.822,anonymous,EN,1,,,,,,,,,,,,,,,,,,,,,,,,,,,,,,,,,10,10,8,7,7,8,10,9,5,0,0,0,0,0,0,0,4,9,6,6,10,5,3,8,7,9,8,8,9,6,9,6,4,10,39,2,8,Emily,6,1,,35,5,B
2025-05-02 08:31:03,2025-05-02 09:05:56,0,216.146.20.3,100,2092,1,2025-05-02 09:05:56,R_3dKH36DmauJ0hdx,,,,,37.751,-97.822,anonymous,EN,1,,,,,,,,,,,,,,,,,,,,,,,,,,,,,,,,,7,8,5,1,2,9,10,9,6,2,1,1,0,0,0,1,7,7,3,7,10,4,8,6,5,6,8,9,10,6,10,10,4,10,39,2,8,Emily,5,2,,23,6,B
2025-05-02 08:35:49,2025-05-02 09:06:07,0,50.86.7.252,100,1817,1,2025-05-02 09:06:08,R_5Br4S1xH3WDkcDv,,,,,30.2732,-87.7606,anonymous,EN,1,6,6,0,1,2,4,5,4,3,4,4,2,4,4,0,0,4,6,6,3,2,2,5,3,0,7,7,7,5,6,8,5,,,,,,,,,,,,,,,,,,,,,,,,,,,,,,,,,8,10,39,2,8,emily,3,1,,58,5,A
2025-05-02 08:34:56,2025-05-02 09:06:52,0,161.8.150.211,100,1916,1,2025-05-02 09:06:53,R_51txbQhVUc4fFXz,,,,,37.751,-97.822,anonymous,EN,1,4,9,5,1,5,5,9,9,3,10,5,4,2,8,7,8,7,8,9,10,10,9,9,8,9,9,10,8,8,3,10,8,,,,,,,,,,,,,,,,,,,,,,,,,,,,,,,,,8,50,20,2,7,"June ",6,2,,40,1,A
2025-05-02 08:31:51,2025-05-02 09:08:25,0,104.234.9.228,100,2194,1,2025-05-02 09:08:25,R_5fl2YdXLUX00ecB,,,,,47.6722,-122.1257,anonymous,EN,1,5,6,7,7,7,3,8,7,3,6,3,8,6,7,8,0,7,6,6,2,5,6,7,7,5,4,7,6,7,2,5,0,,,,,,,,,,,,,,,,,,,,,,,,,,,,,,,,,4,10,39,2,8,Emily,5,2,,34,2,A
2025-05-02 08:34:47,2025-05-02 09:08:57,0,207.230.114.226,100,2050,1,2025-05-02 09:08:58,R_3ttqi8NMEdZJDWx,,,,,37.751,-97.822,anonymous,EN,1,,,,,,,,,,,,,,,,,,,,,,,,,,,,,,,,,7,5,6,7,8,8,5,3,8,8,4,7,7,7,5,9,3,7,5,5,7,3,6,3,7,5,7,7,7,7,3,4,4,10,39,2,8,Emily,6,1,,51,6,B
2025-05-02 08:32:50,2025-05-02 09:09:37,0,45.194.101.30,100,2206,1,2025-05-02 09:09:38,R_6HHWJVikAzSzzjd,,,,,40.7126,-74.0066,anonymous,EN,1,,,,,,,,,,,,,,,,,,,,,,,,,,,,,,,,,8,5,9,8,9,5,9,8,9,2,8,8,7,0,0,6,7,5,4,3,4,7,6,8,2,8,10,4,9,1,9,4,4,10,39,2,8,emily,6,1,,30,6,B
2025-05-02 08:32:37,2025-05-02 09:10:44,0,168.235.146.166,100,2286,1,2025-05-02 09:10:45,R_7PaOQGWn6QtwZds,,,,,33.9558,-118.3893,anonymous,EN,1,,,,,,,,,,,,,,,,,,,,,,,,,,,,,,,,,5,8,5,1,2,9,9,8,5,1,1,1,0,0,0,0,7,6,4,5,9,5,7,6,6,6,8,8,9,7,10,10,4,10,39,2,8,Emily,5,2,,49,5,B
2025-05-02 08:47:07,2025-05-02 09:15:30,0,172.56.195.150,100,1702,1,2025-05-02 09:15:31,R_1YspZP8kwWLz38Y,,,,,42.415,-71.1061,anonymous,EN,1,,,,,,,,,,,,,,,,,,,,,,,,,,,,,,,,,7,6,3,6,7,4,7,9,2,5,2,6,5,7,7,5,7,5,7,3,4,7,2,8,2,6,8,6,5,3,6,6,4,10,39,2,7,emily,5,1,,32,5,B
2025-05-02 08:40:08,2025-05-02 09:22:28,0,172.59.124.134,100,2539,1,2025-05-02 09:22:28,R_372W62cERnl0sDl,,,,,36.0934,-95.8791,anonymous,EN,1,4,5,1,6,0,6,6,7,6,8,7,9,8,7,5,10,7,7,7,6,0,5,5,6,5,4,7,8,7,7,5,9,,,,,,,,,,,,,,,,,,,,,,,,,,,,,,,,,4,10,39,2,7,emily,5,2,,40,5,A
